o_id,v_id,description,w,h,x,y,z,d,rx,ry,rz,display
o_01,v_12,,1417,873,561.9906416454288,299.3003351341884,-646.8748621420448,0,0,0,0,1
o_02,v_10,,357,500,305.33880760560027,94.87683266519059,69,0,0,0.17576139977127267,0,1
o_03,v_07,,700,575,547.6430973457741,323.2137010950475,-228.65846681625413,0,0,0,0,1
